"vertex_name","pagerank"
5765,0.000225556657864333
37780,0.000147680008731979
56817,0.000123253801477409
2555,0.000109038557403743
19526,9.57879700426917e-05
2563,9.32534467073498e-05
2423,9.21434683668062e-05
976,8.81089622601777e-05
3247,8.66844098976302e-05
36122,8.32267926946912e-05
