"","network_0302","network_0505","change"
"mean_closeness",-0.283730176409986,-0.107768641796249,"Increase"
"mean_degree",0.0284803177315912,1.9621518407604,"Increase"
"mean_transitivity",-0.534979529716856,-0.543161348122988,"Decrease"
"mean_pagerank",0.188288038139909,-1.66211051174442,"Decrease"
"mean_eigen",0.214328983197988,-0.0466116030930162,"Decrease"
"mean_betweenness",0.250654714886709,0.452508057825086,"Increase"
"same_community",3.6142644096468,4.13844052495004,"Increase"
